{
    "cost": 159.55489345771497,
    "flowtime": 123.50511928779306,
    "makespan": 123.50511928779306,
    "paths": [
        [
            [
                9.0,
                11.0,
                0.0
            ],
            [
                11.120574951171875,
                11.0,
                0.0
            ],
            [
                13.24114990234375,
                11.0,
                0.0
            ],
            [
                15.361724853515625,
                11.0,
                0.0
            ],
            [
                17.4822998046875,
                11.0,
                0.0
            ],
            [
                19.602874755859375,
                11.0,
                0.0
            ],
            [
                21.72344970703125,
                11.0,
                0.0
            ],
            [
                23.844024658203125,
                11.0,
                0.0
            ],
            [
                25.79236876964569,
                10.281217873096466,
                0.7068583369255066
            ],
            [
                27.740712911803268,
                9.562435829449617,
                0.0
            ],
            [
                29.689057023245834,
                10.281217956353151,
                5.576326847076416
            ],
            [
                30.703777654307604,
                12.093132568978838,
                4.869468688964844
            ],
            [
                30.298633251519014,
                14.129931659571223,
                4.1626105308532715
            ],
            [
                28.66776407940634,
                15.415605905249887,
                3.45575213432312
            ],
            [
                26.592662806207798,
                15.33407536791148,
                2.7488937377929688
            ],
            [
                24.633506877033142,
                14.522566792037273,
                2.7488937377929688
            ],
            [
                22.674350947858485,
                13.711058216163066,
                2.7488937377929688
            ],
            [
                20.71519501868383,
                12.899549640288859,
                2.7488937377929688
            ],
            [
                18.756039089509173,
                12.088041064414652,
                2.7488937377929688
            ],
            [
                16.796883160334517,
                11.276532488540445,
                2.7488937377929688
            ],
            [
                14.837727231159858,
                10.465023912666238,
                2.7488937377929688
            ],
            [
                12.8785713019852,
                9.653515336792031,
                2.7488937377929688
            ],
            [
                10.919415372810542,
                8.842006760917824,
                2.7488937377929688
            ],
            [
                8.960259443635884,
                8.030498185043617,
                2.7488937377929688
            ],
            [
                7.001103514461226,
                7.218989609169411,
                2.7488937377929688
            ],
            [
                5.4761340451902445,
                5.809322754788465,
                2.0420353412628174
            ],
            [
                4.513412943385391,
                3.919876750352972,
                2.0420353412628174
            ],
            [
                4.269322550994679,
                1.8575692071161645,
                1.335176944732666
            ],
            [
                5.423076454911706,
                0.13085427646168324,
                0.6283186078071594
            ],
            [
                3.7074953776551096,
                1.3772970913941207,
                0.6283186078071594
            ],
            [
                5.706228365052552,
                0.8135959581344965,
                6.20464563369751
            ],
            [
                7.59217151032929,
                1.6830273673512184,
                5.4977874755859375
            ],
            [
                9.091644935847986,
                3.182499797808286,
                5.4977874755859375
            ],
            [
                10.591118361366682,
                4.681972228265353,
                5.4977874755859375
            ],
            [
                12.090591786885378,
                6.181444658722421,
                5.4977874755859375
            ],
            [
                13.590065212404074,
                7.68091708917949,
                5.4977874755859375
            ],
            [
                15.08953863792277,
                9.180389519636558,
                5.4977874755859375
            ],
            [
                16.589012063441466,
                10.679861950093626,
                5.4977874755859375
            ],
            [
                18.088485488960163,
                12.179334380550694,
                5.4977874755859375
            ],
            [
                19.58795891447886,
                13.678806811007762,
                5.4977874755859375
            ],
            [
                21.473902252374568,
                14.548237802401383,
                6.20464563369751
            ],
            [
                23.5879402024465,
                14.714615893486917,
                6.20464563369751
            ],
            [
                25.701978152518432,
                14.88099398457245,
                6.20464563369751
            ],
            [
                27.816016102590364,
                15.047372075657984,
                6.20464563369751
            ],
            [
                29.7019592478671,
                15.916803484874707,
                5.4977874755859375
            ],
            [
                30.571391490786862,
                17.802746245808986,
                4.790929317474365
            ],
            [
                30.007691487289772,
                19.801479551832145,
                4.084071159362793
            ],
            [
                28.2809774150901,
                20.95523474051669,
                3.3772127628326416
            ],
            [
                26.218669690237615,
                20.711145882592653,
                2.6703543663024902
            ],
            [
                24.329222985730496,
                19.74842615475657,
                2.6703543663024902
            ],
            [
                22.439776281223377,
                18.785706426920484,
                2.6703543663024902
            ],
            [
                20.55032957671626,
                17.8229866990844,
                2.6703543663024902
            ],
            [
                18.488021855982193,
                17.578897806363827,
                3.3772127628326416
            ],
            [
                16.761307764315646,
                18.732652965914177,
                4.084071159362793
            ],
            [
                16.759969805563955,
                18.734493043235947,
                4.08331298828125
            ],
            [
                15.512227994087917,
                20.44912959231336,
                4.08331298828125
            ],
            [
                14.26448618261188,
                22.16376614139077,
                4.08331298828125
            ],
            [
                14.104674644845227,
                22.38337784398717,
                4.08331298828125
            ],
            [
                13.539459864431425,
                24.381683319771756,
                4.790171146392822
            ],
            [
                14.407462408309295,
                26.26828452468244,
                5.4970293045043945
            ],
            [
