{
    "cost": 255.44409368993507,
    "flowtime": 185.46512030126317,
    "makespan": 109.84980892438166,
    "paths": [
        [
            [
                21.0,
                12.0,
                0.0
            ],
            [
                19.051655888557434,
                11.281217873096466,
                5.576326847076416
            ],
            [
                17.103311834937763,
                10.562435589457145,
                6.283185005187988
            ],
            [
                19.051656163446403,
                9.843654050937195,
                0.7068578600883484
            ],
            [
                20.664154677475086,
                8.466451572797943,
                0.7068578600883484
            ],
            [
                21.678876395712297,
                6.654537569020003,
                1.413716197013855
            ],
            [
                22.69359819137626,
                4.842623608603176,
                0.7068578600883484
            ],
            [
                24.641942676275605,
                4.123842493999294,
                6.283185005187988
            ],
            [
                26.59028657065192,
                4.842625209286346,
                5.576326847076416
            ],
            [
                27.60500720171369,
                6.6545398219120315,
                4.869468688964844
            ],
            [
                27.936738368749424,
                8.749006951363986,
                4.869468688964844
            ],
            [
                28.268469535785158,
                10.843474080815941,
                4.869468688964844
            ],
            [
                27.863325132996568,
                12.880273171408327,
                4.1626105308532715
            ],
            [
                26.755328243502856,
                14.688360839750175,
                4.1626105308532715
            ],
            [
                25.647331354009143,
                16.496448508092023,
                4.1626105308532715
            ],
            [
                25.242187402465166,
                18.533247688442465,
                4.869468688964844
            ],
            [
                25.5739185695009,
                20.62771481789442,
                4.869468688964844
            ],
            [
                25.16877416671231,
                22.664513908486807,
                4.1626105308532715
            ],
            [
                23.537904994599636,
                23.950188154165467,
                3.45575213432312
            ],
            [
                21.521118510128847,
                24.60548228628749,
                3.45575213432312
            ],
            [
                19.50433202565806,
                25.260776418409513,
                3.45575213432312
            ],
            [
                17.48754554118727,
                25.916070550531536,
                3.45575213432312
            ],
            [
                15.470759056716481,
                26.57136468265356,
                3.45575213432312
            ],
            [
                13.453972572245693,
                27.226658814775583,
                3.45575213432312
            ],
            [
                11.378871299047153,
                27.145128277437177,
                2.7488937377929688
            ],
            [
                9.853901829776172,
                25.735461423056233,
                2.0420353412628174
            ],
            [
                9.60981143738546,
                23.673153879819424,
                1.335176944732666
            ],
            [
                9.60981143738546,
                23.673153879819424,
                1.335176944732666
            ],
            [
                10.763565341302487,
                21.946438949164943,
                0.6283186078071594
            ],
            [
                12.479146418559083,
                20.699996134232507,
                0.6283186078071594
            ],
            [
                13.632900248690087,
                18.97328115427579,
                1.335176944732666
            ],
            [
                14.127938501685898,
                16.911297824661204,
                1.335176944732666
            ],
            [
                14.13312200769252,
                15.532580187494977,
                1.7988964319229126
            ],
            [
                13.653602226830271,
                13.466932854744437,
                1.7988964319229126
            ],
            [
                13.434470127474302,
                12.522968383162576,
                1.7988964319229126
            ],
            [
                13.694060500169993,
                10.462554502178321,
                1.0920381546020508
            ],
            [
                15.22958624443447,
                9.064393849302583,
                0.3851798176765442
            ],
            [
                15.678381678288966,
                8.922293233893038,
                0.22810016572475433
            ],
            [
                14.999999980835081,
                8.999999962601184,
                7.594591977522214e-08
            ]
        ],
        [
            [
                22.0,
                2.0,
                0.0
            ],
            [
                24.120574951171875,
                2.0,
                0.0
            ],
            [
                26.06891906261444,
                2.718782126903534,
                5.576326847076416
            ],
            [
                27.08363969367621,
                4.530696739529219,
                4.869468688964844
            ],
            [
                27.415370860711946,
                6.625163868981174,
                4.869468688964844
            ],
            [
                27.74710202774768,
                8.719630998433129,
                4.869468688964844
            ],
            [
                28.078833194783414,
                10.814098127885083,
                4.869468688964844
            ],
            [
                28.410564361819148,
                12.908565257337038,
                4.869468688964844
            ],
            [
                28.005419959030558,
                14.945364347929424,
                4.1626105308532715
            ],
            [
                26.374550786917883,
                16.231038593608083,
                3.45575213432312
            ],
            [
                24.357764302447094,
                16.886332725730107,
                3.45575213432312
            ],
            [
                22.282663029248553,
                16.8048021883917,
                2.7488937377929688
            ],
            [
                20.323507100073897,
                15.993293612517494,
                2.7488937377929688
            ],
            [
                18.798537630802915,
                14.58362675813655,
                2.0420353412628174
            ],
            [
                18.554447238412205,
                12.52131921489974,
                1.335176944732666
            ],
            [
                19.049485491408017,
                10.459335885285155,
                1.335176944732666
            ],
            [
                18.805395133813843,
                8.397028337929902,
                2.0420353412628174
            ],
            [
                17.280425688327636,
                6.987361457818723,
                2.7488937377929688
            ],
            [
                15.20532441650473,
                6.9058308854679185,
                3.45575213432312
            ],
            [
                13.574455222699358,
                8.191505103629542,
                4.1626105308532715
            ],
            [
